{
  "name": "apocalypse_overwrite:houses",
  "fallback": "minecraft:empty",
  "elements": [
    {
      "weight": 1,
      "element": {
        "elements": [
          {
            "location": "apocalypse_overwrite:our_house",
            "processors": {
              "processors": []
            },
            "projection": "rigid",
            "element_type": "minecraft:legacy_single_pool_element"
          },
          {
            "location": "apocalypse_overwrite:our_house",
            "processors": {
              "processors": [
                {
                  "integrity": 0.05,
                  "processor_type": "minecraft:block_rot"
                }
              ]
            },
            "projection": "rigid",
            "element_type": "minecraft:legacy_single_pool_element"
          }
        ],
        "projection": "rigid",
        "element_type": "minecraft:list_pool_element"
      }
    }
  ]
}