{
  "name": "apocalypse_overwrite:modern_roadsides",
  "fallback": "minecraft:empty",
  "elements": [
    {
      "weight": 1,
      "element": {
        "location": "apocalypse_overwrite:supermarket",
        "processors": {
          "processors": []
        },
        "projection": "rigid",
        "element_type": "minecraft:legacy_single_pool_element"
      }
    },
    {
      "weight": 1,
      "element": {
        "location": "apocalypse_overwrite:our_house",
        "processors": {
          "processors": []
        },
        "projection": "rigid",
        "element_type": "minecraft:legacy_single_pool_element"
      }
    },
    {
      "weight": 1,
      "element": {
        "location": "apocalypse_overwrite:slum",
        "processors": {
          "processors": []
        },
        "projection": "rigid",
        "element_type": "minecraft:legacy_single_pool_element"
      }
    },
    {
      "weight": 1,
      "element": {
        "location": "apocalypse_overwrite:gas_station_1",
        "processors": {
          "processors": []
        },
        "projection": "rigid",
        "element_type": "minecraft:legacy_single_pool_element"
      }
    },
    {
      "weight": 1,
      "element": {
        "location": "apocalypse_overwrite:gas_station_2",
        "processors": {
          "processors": []
        },
        "projection": "rigid",
        "element_type": "minecraft:legacy_single_pool_element"
      }
    },
    {
      "weight": 1,
      "element": {
        "location": "apocalypse_overwrite:house_1",
        "processors": {
          "processors": []
        },
        "projection": "rigid",
        "element_type": "minecraft:legacy_single_pool_element"
      }
    },
    {
      "weight": 1,
      "element": {
        "location": "apocalypse_overwrite:house_2",
        "processors": {
          "processors": []
        },
        "projection": "rigid",
        "element_type": "minecraft:legacy_single_pool_element"
      }
    },
    {
      "weight": 1,
      "element": {
        "location": "apocalypse_overwrite:house_3",
        "processors": {
          "processors": []
        },
        "projection": "rigid",
        "element_type": "minecraft:legacy_single_pool_element"
      }
    },
    {
      "weight": 1,
      "element": {
        "location": "apocalypse_overwrite:house_4",
        "processors": {
          "processors": []
        },
        "projection": "rigid",
        "element_type": "minecraft:legacy_single_pool_element"
      }
    },
    {
      "weight": 1,
      "element": {
        "location": "apocalypse_overwrite:hospital_1",
        "processors": {
          "processors": []
        },
        "projection": "rigid",
        "element_type": "minecraft:legacy_single_pool_element"
      }
    },
    {
      "weight": 1,
      "element": {
        "location": "apocalypse_overwrite:police_station",
        "processors": {
          "processors": []
        },
        "projection": "rigid",
        "element_type": "minecraft:legacy_single_pool_element"
      }
    }
  ]
}