{
  "name": "apocalypse_overwrite:modern_roads",
  "fallback": "minecraft:empty",
  "elements": [
    {
      "weight": 7,
      "element": {
        "location": "apocalypse_overwrite:modern_road",
        "processors": {
          "processors": []
        },
        "projection": "terrain_matching",
        "element_type": "minecraft:legacy_single_pool_element"
      }
    },
    {
      "weight": 1,
      "element": {
        "location": "apocalypse_overwrite:modern_road_curve",
        "processors": {
          "processors": []
        },
        "projection": "terrain_matching",
        "element_type": "minecraft:legacy_single_pool_element"
      }
    },
    {
      "weight": 1,
      "element": {
        "location": "apocalypse_overwrite:modern_road_stoplight",
        "processors": {
          "processors": []
        },
        "projection": "terrain_matching",
        "element_type": "minecraft:legacy_single_pool_element"
      }
    }
  ]
}