{
  "starts": [
    "minecraft:mineshaft",
    "minecraft:shipwreck",
    "minecraft:ocean_ruin_cold",
    "minecraft:ruined_portal_ocean"
  ],
  "spawners": {
    "water_ambient": [
      {
        "type": "minecraft:cod",
        "weight": 10,
        "minCount": 8,
        "maxCount": 8
      },
      {
        "type": "minecraft:pufferfish",
        "weight": 10,
        "minCount": 3,
        "maxCount": 4
      }
    ],
    "ambient": [
      {
        "type": "minecraft:bat",
        "weight": 10,
        "minCount": 8,
        "maxCount": 8
      }
    ],
    "misc": [],
    "water_creature": [
      {
        "type": "minecraft:squid",
        "weight": 1,
        "minCount": 1,
        "maxCount": 4
      },
      {
        "type": "minecraft:dolphin",
        "weight": 1,
        "minCount": 1,
        "maxCount": 2
      }
    ],
    "creature": [
    ],
    "monster": [
      {
        "type": "minecraft:spider",
        "weight": 100,
        "minCount": 4,
        "maxCount": 4
      },
      {
        "type": "minecraft:zombie",
        "weight": 95,
        "minCount": 4,
        "maxCount": 4
      },
      {
        "type": "minecraft:zombie_villager",
        "weight": 5,
        "minCount": 1,
        "maxCount": 1
      },
      {
        "type": "minecraft:skeleton",
        "weight": 100,
        "minCount": 4,
        "maxCount": 4
      },
      {
        "type": "minecraft:creeper",
        "weight": 100,
        "minCount": 4,
        "maxCount": 4
      },
      {
        "type": "minecraft:slime",
        "weight": 100,
        "minCount": 4,
        "maxCount": 4
      },
      {
        "type": "minecraft:enderman",
        "weight": 10,
        "minCount": 1,
        "maxCount": 4
      },
      {
        "type": "minecraft:witch",
        "weight": 5,
        "minCount": 1,
        "maxCount": 1
      },
      {
        "type": "minecraft:drowned",
        "weight": 5,
        "minCount": 1,
        "maxCount": 1
      }
    ]
  },
  "spawn_costs": {},
  "creature_spawn_probability": 0.01,
  "player_spawn_friendly":false,
  "surface_builder": "minecraft:grass",
  "carvers": {
      "air": [
        "minecraft:ocean_cave",
        "minecraft:canyon"
      ],
      "liquid":[
        "minecraft:underwater_canyon",
      "minecraft:underwater_cave"
      ]
  },
  "features": [
    [],
    [
    ],
    [],
    [
      "minecraft:monster_room"
    ],
    [],
    [],
    [
      "minecraft:ore_dirt",
      "minecraft:ore_gravel",
      "minecraft:ore_granite",
      "minecraft:ore_diorite",
      "minecraft:ore_andesite",
      "minecraft:ore_coal",
      "minecraft:ore_iron",
      "minecraft:ore_gold",
      "minecraft:ore_redstone",
      "minecraft:ore_diamond",
      "minecraft:ore_lapis",
      "minecraft:disk_sand",
      "minecraft:disk_clay",
      "minecraft:disk_gravel"
    ],
    [
    ],
    [
      "minecraft:trees_water",
      "minecraft:flower_default",
      "minecraft:patch_grass_badlands",
      "minecraft:brown_mushroom_normal",
      "minecraft:red_mushroom_normal",
      "minecraft:patch_sugar_cane",
      "minecraft:patch_pumpkin",
      "minecraft:spring_water",
      "minecraft:spring_lava",
      "minecraft:seagrass_deep",
      "minecraft:seagrass_simple",
      "minecraft:kelp_cold"
    ],
    [
    ]
  ],
  "scale": 0.2,
  "temperature": 0.2,
  "temperature_modifier": "none",
  "downfall": 0.3,
  "effects": {
      "foliage_color": 9226340,
      "sky_color": 8103167,
      "grass_color": 7907910,
      "grass_color_modifier": "none",
      "mood_sound": {
        "sound": "minecraft:ambient.cave",
        "tick_delay": 6000,
        "block_search_extent": 8,
        "offset": 2.0
      },
      "fog_color": 1991810,
      "water_color": 4159204,
      "water_fog_color": 329011
  },
  "precipitation": "rain",
  "category": "ocean",
  "depth": -1.8
}