{
    "type": "minecraft:overworld",
    "generator": {
      "type": "minecraft:noise",
      "seed": -3405167666857333484,
      "biome_source": {
          "type": "minecraft:multi_noise",
          "seed": -5432349485,
          "weirdness_noise": {
              "firstOctave": -7,
              "amplitudes": [
                  1.0,
                  1.0
              ]
          },
          "altitude_noise": {
              "firstOctave": -8,
              "amplitudes": [
                  1.0,
                  1.0
              ]
          },
          "temperature_noise": {
              "firstOctave": -7,
              "amplitudes": [
                  1.0,
                  1.0
              ]
          },
          "humidity_noise": {
              "firstOctave": -7,
              "amplitudes": [
                  1.0,
                  1.0
              ]
          },
          "biomes": [
            {
                "biome": "minecraft:snowy_mountains",
                "parameters": {
                  "altitude": -0.9,
                  "weirdness": -0.01,
                  "offset": 0.0,
                  "temperature": 0.0,
                  "humidity": 1.0
                }
            },
            {
                "biome": "minecraft:snowy_taiga_mountains",
                "parameters": {
                  "altitude": -0.9,
                  "weirdness": 0.01,
                  "offset": 0.0,
                  "temperature": 0.0,
                  "humidity": 1.0
                }
            },
            {
                "biome": "minecraft:ice_spikes",
                "parameters": {
                  "altitude": -0.85,
                  "weirdness": -0.01,
                  "offset": 0.0,
                  "temperature": 0.0,
                  "humidity": 1.0
                }
            },
            {
                "biome": "minecraft:snowy_taiga_hills",
                "parameters": {
                  "altitude": -0.85,
                  "weirdness": 0.01,
                  "offset": 0.0,
                  "temperature": 0.0,
                  "humidity": 1.0
                }
            },
            {
                "biome": "minecraft:snowy_tundra",
                "parameters": {
                  "altitude": -0.85,
                  "weirdness": -0.01,
                  "offset": 0.0,
                  "temperature": 0.0,
                  "humidity": 1.0
                }
            },
            {
                "biome": "minecraft:snowy_taiga",
                "parameters": {
                  "altitude": -0.84,
                  "weirdness": 0.01,
                  "offset": 0.0,
                  "temperature": 0.0,
                  "humidity": 1.0
                }
            },
            {
                "biome": "minecraft:snowy_beach",
                "parameters": {
                  "altitude": -0.82,
                  "weirdness": 0.0,
                  "offset": 0.0,
                  "temperature": 0.0,
                  "humidity": 1.0
                }
            },
            {
                "biome": "minecraft:frozen_ocean",
                "parameters": {
                  "altitude": -0.8,
                  "weirdness": -0.01,
                  "offset": 0.0,
                  "temperature": 0.0,
                  "humidity": 1.0
                }
            },
            {
                "biome": "minecraft:deep_frozen_ocean",
                "parameters": {
                  "altitude": -0.77,
                  "weirdness": 0.01,
                  "offset": 0.0,
                  "temperature": 0.0,
                  "humidity": 1.0
                }
            },
            {
              "biome": "minecraft:cold_ocean",
              "parameters": {
                "altitude": -0.75,
                "weirdness": -0.01,
                "offset": 0.0,
                "temperature": 0.0,
                "humidity": 1.0
              }
            },
            {
              "biome": "minecraft:deep_cold_ocean",
              "parameters": {
                "altitude": -0.75,
                "weirdness": 0.01,
                "offset": 0.0,
                "temperature": 0.0,
                "humidity": 1.0
              }
            },
            {
                "biome": "minecraft:lukewarm_ocean",
                "parameters": {
                  "altitude": -0.55,
                  "weirdness": -0.01,
                  "offset": 0.0,
                  "temperature": 0.0,
                  "humidity": 1.0
                }
            },
            {
              "biome": "apocalypse_overwrite:seagrass_prarie",
              "parameters": {
                "altitude": -0.55,
                "weirdness": 0.01,
                "offset": 0.0,
                "temperature": 0.0,
                "humidity": 1.0
              }
            },
            {
                "biome": "minecraft:warm_ocean",
                "parameters": {
                  "altitude": -0.45,
                  "weirdness": -0.01,
                  "offset": 0.0,
                  "temperature": 0.0,
                  "humidity": 1.0
                }
            },
            {
              "biome": "minecraft:warm_ocean",
              "parameters": {
                "altitude": -0.45,
                "weirdness": 0.01,
                "offset": 0.0,
                "temperature": 0.0,
                "humidity": 1.0
              }
            },
            {
                "biome": "minecraft:jungle",
                "parameters": {
                  "altitude": -0.25,
                  "weirdness": -0.01,
                  "offset": 0.0,
                  "temperature": 0.0,
                  "humidity": 1.0
                }
            },
            {
              "biome": "minecraft:modified_jungle",
              "parameters": {
                "altitude": -0.25,
                "weirdness": -0.8,
                "offset": 0.0,
                "temperature": 0.0,
                "humidity": 1.0
              }
          },
            {
              "biome": "minecraft:jungle_hills",
              "parameters": {
                "altitude": -0.25,
                "weirdness": -0.85,
                "offset": 0.0,
                "temperature": 0.0,
                "humidity": 1.0
              }
          },
            {
              "biome": "apocalypse_overwrite:volcano_edge",
              "parameters": {
                "altitude": -0.25,
                "weirdness": -0.90,
                "offset": 0.0,
                "temperature": 0.0,
                "humidity": 1.0
              }
            },
            {
              "biome": "apocalypse_overwrite:volcano_lava",
              "parameters": {
                "altitude": -0.25,
                "weirdness": -0.95,
                "offset": 0.0,
                "temperature": 0.0,
                "humidity": 1.0
              }
            },
            {
                "biome": "minecraft:warm_ocean",
                "parameters": {
                  "altitude": -0.25,
                  "weirdness": 0.01,
                  "offset": 0.0,
                  "temperature": 0.0,
                  "humidity": 1.0
                }
            },
            {
                "biome": "minecraft:ocean",
                "parameters": {
                  "altitude": 0.0,
                  "weirdness": -0.01,
                  "offset": 0.0,
                  "temperature": 0.0,
                  "humidity": 1.0
                }
            },
            {
              "biome": "apocalypse_overwrite:modern_country",
              "parameters": {
                "altitude": 0.0,
                "weirdness": 0.01,
                "offset": 0.0,
                "temperature": 0.0,
                "humidity": 1.0
              }
            },
            {
              "biome": "minecraft:ocean",
              "parameters": {
                "altitude": 0.05,
                "weirdness": -0.01,
                "offset": 0.0,
                "temperature": 0.0,
                "humidity": 1.0
              }
          },
          {
            "biome": "apocalypse_overwrite:marine_forest",
            "parameters": {
              "altitude": 0.05,
              "weirdness": 0.01,
              "offset": 0.0,
              "temperature": 0.0,
              "humidity": 1.0
            }
          },
            {
                "biome": "minecraft:beach",
                "parameters": {
                  "altitude": 0.1,
                  "weirdness": 0.0,
                  "offset": 0.0,
                  "temperature": 0.0,
                  "humidity": 1.0
                }
            },
            {
                "biome": "minecraft:stone_shore",
                "parameters": {
                  "altitude": 0.1,
                  "weirdness": -0.01,
                  "offset": 0.0,
                  "temperature": 0.0,
                  "humidity": 1.0
                }
            },
            {
                "biome": "apocalypse_overwrite:modern_city",
                "parameters": {
                  "altitude": 0.2,
                  "weirdness": -0.01,
                  "offset": 0.0,
                  "temperature": 0.0,
                  "humidity": 1.0
                }
            },
            {
                "biome": "minecraft:desert",
                "parameters": {
                  "altitude": 0.3,
                  "weirdness": -0.01,
                  "offset": 0.0,
                  "temperature": 0.0,
                  "humidity": 1.0
                }
            },
            {
              "biome": "minecraft:desert_hills",
              "parameters": {
                "altitude": 0.3,
                "weirdness": -0.4,
                "offset": 0.0,
                "temperature": 0.0,
                "humidity": 1.0
              }
            },
            {
              "biome": "minecraft:desert_lakes",
              "parameters": {
                "altitude": 0.3,
                "weirdness": -0.4,
                "offset": 0.0,
                "temperature": 0.0,
                "humidity": 1.0
              }
            },
            {
                "biome": "apocalypse_overwrite:modern_small_town",
                "parameters": {
                  "altitude": 0.3,
                  "weirdness": 0.01,
                  "offset": 0.0,
                  "temperature": 0.0,
                  "humidity": 1.0
                }
            },
            {
              "biome": "apocalypse_overwrite:modern_small_town",
              "parameters": {
                "altitude": 0.3,
                "weirdness": 0.75,
                "offset": 0.0,
                "temperature": 0.0,
                "humidity": 1.0
              }
            },
            {
              "biome": "minecraft:wooded_hills",
              "parameters": {
                "altitude": 0.3,
                "weirdness": 0.85,
                "offset": 0.0,
                "temperature": 0.0,
                "humidity": 1.0
              }
            },
            {
              "biome": "minecraft:wooded_mountains",
              "parameters": {
                "altitude": 0.3,
                "weirdness": 0.9,
                "offset": 0.0,
                "temperature": 0.0,
                "humidity": 1.0
              }
            },
            {
                "biome": "minecraft:savanna_plateau",
                "parameters": {
                  "altitude": 0.6,
                  "weirdness": -0.85,
                  "offset": 0.0,
                  "temperature": 0.0,
                  "humidity": 1.0
                }
            },
            {
                "biome": "minecraft:shattered_savanna",
                "parameters": {
                  "altitude": 0.6,
                  "weirdness": -0.87,
                  "offset": 0.0,
                  "temperature": 0.0,
                  "humidity": 1.0
                }
            },
            {
                "biome": "minecraft:shattered_savanna_plateau",
                "parameters": {
                  "altitude": 0.6,
                  "weirdness": -0.89,
                  "offset": 0.0,
                  "temperature": 0.0,
                  "humidity": 1.0
                }
            },
            {
                "biome": "minecraft:badlands",
                "parameters": {
                  "altitude": 0.6,
                  "weirdness": -0.92,
                  "offset": 0.0,
                  "temperature": 0.0,
                  "humidity": 1.0
                }
            },
            {
                "biome": "minecraft:badlands_plateau",
                "parameters": {
                  "altitude": 0.6,
                  "weirdness": -1.00,
                  "offset": 0.0,
                  "temperature": 0.0,
                  "humidity": 1.0
                }
            },
            {
                "biome": "minecraft:plains",
                "parameters": {
                  "altitude": 0.6,
                  "weirdness": 0.01,
                  "offset": 0.0,
                  "temperature": 0.0,
                  "humidity": 1.0
                }
            },
            {
                "biome": "minecraft:savanna",
                "parameters": {
                  "altitude": 0.6,
                  "weirdness": -0.01,
                  "offset": 0.0,
                  "temperature": 0.0,
                  "humidity": 1.0
                }
            },
            {
                "biome": "minecraft:giant_spruce_taiga",
                "parameters": {
                  "altitude": 0.6,
                  "weirdness": 0.85,
                  "offset": 0.0,
                  "temperature": 0.0,
                  "humidity": 1.0
                }
            },
            {
                "biome": "minecraft:giant_spruce_taiga_hills",
                "parameters": {
                  "altitude": 0.6,
                  "weirdness": 0.86,
                  "offset": 0.0,
                  "temperature": 0.0,
                  "humidity": 1.0
                }
            },
            {
                "biome": "minecraft:giant_tree_taiga",
                "parameters": {
                  "altitude": 0.6,
                  "weirdness": 0.87,
                  "offset": 0.0,
                  "temperature": 0.0,
                  "humidity": 1.0
                }
            },
            {
                "biome": "minecraft:giant_tree_taiga_hills",
                "parameters": {
                  "altitude": 0.6,
                  "weirdness": 0.88,
                  "offset": 0.0,
                  "temperature": 0.0,
                  "humidity": 1.0
                }
            },
            {
                "biome": "minecraft:taiga",
                "parameters": {
                  "altitude": 0.6,
                  "weirdness": 0.89,
                  "offset": 0.0,
                  "temperature": 0.0,
                  "humidity": 1.0
                }
            },
            {
                "biome": "minecraft:taiga_hills",
                "parameters": {
                  "altitude": 0.6,
                  "weirdness": 0.90,
                  "offset": 0.0,
                  "temperature": 0.0,
                  "humidity": 1.0
                }
            },
            {
                "biome": "apocalypse_overwrite:redwood_forest",
                "parameters": {
                  "altitude": 0.6,
                  "weirdness": 0.91,
                  "offset": 0.0,
                  "temperature": 0.0,
                  "humidity": 1.0
                }
            },
            {
              "biome": "minecraft:eroded_badlands",
              "parameters": {
                "altitude": 0.7,
                "weirdness": -0.84,
                "offset": 0.0,
                "temperature": 0.0,
                "humidity": 1.0
              }
            },
            {
              "biome": "minecraft:wooded_badlands_plateau",
              "parameters": {
                "altitude": 0.7,
                "weirdness": -0.92,
                "offset": 0.0,
                "temperature": 0.0,
                "humidity": 1.0
              }
            },
            {
              "biome": "minecraft:modified_wooded_badlands_plateau",
              "parameters": {
                "altitude": 0.7,
                "weirdness": -1.00,
                "offset": 0.0,
                "temperature": 0.0,
                "humidity": 1.0
              }
            },
            {
              "biome": "minecraft:gravelly_mountains",
              "parameters": {
                "altitude": 0.7,
                "weirdness": 0.8,
                "offset": 0.0,
                "temperature": 0.0,
                "humidity": 1.0
              }
            },
            {
              "biome": "minecraft:modified_gravelly_mountains",
              "parameters": {
                "altitude": 0.7,
                "weirdness": 0.84,
                "offset": 0.0,
                "temperature": 0.0,
                "humidity": 1.0
              }
            },
            {
              "biome": "minecraft:flower_forest",
              "parameters": {
                "altitude": 0.75,
                "weirdness": 0.92,
                "offset": 0.0,
                "temperature": 0.0,
                "humidity": 1.0
              }
            },
            {
              "biome": "minecraft:dark_forest",
              "parameters": {
                "altitude": 0.8,
                "weirdness": 0.1,
                "offset": 0.0,
                "temperature": 0.0,
                "humidity": 1.0
              }
            },
            {
              "biome": "minecraft:dark_forest_hills",
              "parameters": {
                "altitude": 0.8,
                "weirdness": -0.1,
                "offset": 0.0,
                "temperature": 0.0,
                "humidity": 1.0
              }
            },
            {
              "biome": "minecraft:bamboo_jungle",
              "parameters": {
                "altitude": 0.86,
                "weirdness": 0.1,
                "offset": 0.0,
                "temperature": 0.0,
                "humidity": 1.0
              }
            },
            {
              "biome": "minecraft:bamboo_jungle_hills",
              "parameters": {
                "altitude": 0.86,
                "weirdness": 0.1,
                "offset": 0.0,
                "temperature": 0.0,
                "humidity": 1.0
              }
            },
            {
              "biome": "minecraft:birch_forest",
              "parameters": {
                "altitude": 1.0,
                "weirdness": 0.1,
                "offset": 0.0,
                "temperature": 0.0,
                "humidity": 1.0
              }
            },
            {
              "biome": "minecraft:tall_birch_forest",
              "parameters": {
                "altitude": 1.0,
                "weirdness": -0.9,
                "offset": 0.0,
                "temperature": 0.0,
                "humidity": 1.0
              }
            },
            {
              "biome": "minecraft:bamboo_jungle_hills",
              "parameters": {
                "altitude": 1.0,
                "weirdness": 0.1,
                "offset": 0.0,
                "temperature": 0.0,
                "humidity": 1.0
              }
            },
            {
              "biome": "minecraft:birch_forest_hills",
              "parameters": {
                "altitude": 1.0,
                "weirdness": -0.1,
                "offset": 0.0,
                "temperature": 0.0,
                "humidity": 1.0
              }
            },
            {
              "biome": "minecraft:tall_birch_hills",
              "parameters": {
                "altitude": 1.0,
                "weirdness": -0.9,
                "offset": 0.0,
                "temperature": 0.0,
                "humidity": 1.0
              }
            },
            {
              "biome": "minecraft:river",
              "parameters": {
                "altitude": 0.65,
                "weirdness": 0.0,
                "offset": 0.8,
                "temperature": 0.0,
                "humidity": 0.0
              }
            },
            {
              "biome": "minecraft:river",
              "parameters": {
                "altitude": 0.65,
                "weirdness": 0.0,
                "offset": 0.8,
                "temperature": 0.0,
                "humidity": 0.0
              }
            },
            {
              "biome": "minecraft:river",
              "parameters": {
                "altitude": 0.65,
                "weirdness": 0.5,
                "offset": 0.8,
                "temperature": 0.0,
                "humidity": 0.0
              }
            },
            {
              "biome": "minecraft:river",
              "parameters": {
                "altitude": 0.65,
                "weirdness": -0.5,
                "offset": 0.8,
                "temperature": 0.0,
                "humidity": 0.0
              }
            },
            {
              "biome": "minecraft:swamp",
              "parameters": {
                "altitude": 0.1,
                "weirdness": -0.01,
                "offset": 0.9,
                "temperature": 0.0,
                "humidity": 0.0
              }
            },
            {
              "biome": "minecraft:swamp_hills",
              "parameters": {
                "altitude": 0.1,
                "weirdness": 0.01,
                "offset": 0.9,
                "temperature": 0.0,
                "humidity": 0.0
              }
            },
            {
              "biome": "minecraft:frozen_river",
              "parameters": {
                "altitude": -1.2,
                "weirdness": 0.0,
                "offset": 0.8,
                "temperature": 0.0,
                "humidity": 0.0
              }
            },
            {
              "biome": "minecraft:snowy_mountains",
              "parameters": {
                "altitude": -0.9,
                "weirdness": -0.01,
                "offset": 0.0,
                "temperature": 0.0,
                "humidity": -1.0
              }
            },
            {
              "biome": "minecraft:snowy_taiga_mountains",
              "parameters": {
                "altitude": -0.9,
                "weirdness": 0.01,
                "offset": 0.0,
                "temperature": 0.0,
                "humidity": -1.0
              }
            },
            {
              "biome": "minecraft:ice_spikes",
              "parameters": {
                "altitude": -0.85,
                "weirdness": -0.01,
                "offset": 0.0,
                "temperature": 0.0,
                "humidity": -1.0
              }
            },
            {
              "biome": "minecraft:snowy_taiga_hills",
              "parameters": {
                "altitude": -0.85,
                "weirdness": 0.01,
                "offset": 0.0,
                "temperature": 0.0,
                "humidity": -1.0
              }
            },
            {
              "biome": "minecraft:snowy_tundra",
              "parameters": {
                "altitude": -0.85,
                "weirdness": -0.01,
                "offset": 0.0,
                "temperature": 0.0,
                "humidity": -1.0
              }
            },
            {
              "biome": "minecraft:snowy_taiga",
              "parameters": {
                "altitude": -0.84,
                "weirdness": 0.01,
                "offset": 0.0,
                "temperature": 0.0,
                "humidity": -1.0
              }
            },
            {
              "biome": "minecraft:snowy_beach",
              "parameters": {
                "altitude": -0.82,
                "weirdness": 0.0,
                "offset": 0.0,
                "temperature": 0.0,
                "humidity": -1.0
              }
            },
            {
              "biome": "minecraft:frozen_ocean",
              "parameters": {
                "altitude": -0.8,
                "weirdness": -0.01,
                "offset": 0.0,
                "temperature": 0.0,
                "humidity": -1.0
              }
            },
            {
              "biome": "minecraft:deep_frozen_ocean",
              "parameters": {
                "altitude": -0.77,
                "weirdness": 0.01,
                "offset": 0.0,
                "temperature": 0.0,
                "humidity": -1.0
              }
            },
            {
            "biome": "minecraft:cold_ocean",
            "parameters": {
              "altitude": -0.75,
              "weirdness": -0.01,
              "offset": 0.0,
              "temperature": 0.0,
              "humidity": -1.0
            }
            },
            {
            "biome": "apocalypse_overwrite:kelp_forest",
            "parameters": {
              "altitude": -0.75,
              "weirdness": 0.01,
              "offset": 0.0,
              "temperature": 0.0,
              "humidity": -1.0
            }
            },
            {
              "biome": "minecraft:lukewarm_ocean",
              "parameters": {
                "altitude": -0.55,
                "weirdness": -0.01,
                "offset": 0.0,
                "temperature": 0.0,
                "humidity": -1.0
              }
            },
            {
              "biome": "minecraft:deep_warm_ocean",
              "parameters": {
                "altitude": -0.55,
                "weirdness": 0.85,
                "offset": 0.0,
                "temperature": 0.0,
                "humidity": 1.0
              }
            },
            {
              "biome": "apocalypse_overwrite:underwater_volcano_edge",
              "parameters": {
                "altitude": -0.55,
                "weirdness": 0.90,
                "offset": 0.0,
                "temperature": 0.0,
                "humidity": 1.0
              }
            },
            {
              "biome": "apocalypse_overwrite:underwater_volcano_lava",
              "parameters": {
                "altitude": -0.55,
                "weirdness": 0.95,
                "offset": 0.0,
                "temperature": 0.0,
                "humidity": 1.0
              }
            },
            {
              "biome": "minecraft:lukewarm_ocean",
              "parameters": {
                "altitude": -0.55,
                "weirdness": -0.7,
                "offset": 0.0,
                "temperature": 0.0,
                "humidity": -1.0
              }
              },
            {
              "biome": "minecraft:mushroom_field_shore",
              "parameters": {
                "altitude": -0.55,
                "weirdness": -0.8,
                "offset": 0.0,
                "temperature": 0.0,
                "humidity": -1.0
              }
            },
            {
              "biome": "minecraft:mushroom_fields",
              "parameters": {
                "altitude": -0.55,
                "weirdness": -1.0,
                "offset": 0.0,
                "temperature": 0.0,
                "humidity": -1.0
              }
            },
            {
              "biome": "minecraft:warm_ocean",
              "parameters": {
                "altitude": -0.45,
                "weirdness": -0.01,
                "offset": 0.0,
                "temperature": 0.0,
                "humidity": -1.0
              }
            },
            {
            "biome": "minecraft:warm_ocean",
            "parameters": {
              "altitude": -0.45,
              "weirdness": 0.01,
              "offset": 0.0,
              "temperature": 0.0,
              "humidity": -1.0
            }
            },
            {
              "biome": "minecraft:jungle",
              "parameters": {
                "altitude": -0.25,
                "weirdness": -0.01,
                "offset": 0.0,
                "temperature": 0.0,
                "humidity": -1.0
              }
            },
            {
            "biome": "minecraft:modified_jungle",
            "parameters": {
              "altitude": -0.25,
              "weirdness": -0.8,
              "offset": 0.0,
              "temperature": 0.0,
              "humidity": -1.0
            }
            },
            {
            "biome": "minecraft:jungle_hills",
            "parameters": {
              "altitude": -0.25,
              "weirdness": -0.85,
              "offset": 0.0,
              "temperature": 0.0,
              "humidity": -1.0
            }
            },
            {
            "biome": "apocalypse_overwrite:volcano_edge",
            "parameters": {
              "altitude": -0.25,
              "weirdness": -0.90,
              "offset": 0.0,
              "temperature": 0.0,
              "humidity": -1.0
            }
            },
            {
            "biome": "apocalypse_overwrite:volcano_lava",
            "parameters": {
              "altitude": -0.25,
              "weirdness": -0.95,
              "offset": 0.0,
              "temperature": 0.0,
              "humidity": -1.0
            }
            },
            {
              "biome": "apocalypse_overwrite:modern_city",
              "parameters": {
                "altitude": -0.25,
                "weirdness": -0.1,
                "offset": 0.05,
                "temperature": 0.0,
                "humidity": -1.0
              }
            },
            {
              "biome": "minecraft:ocean",
              "parameters": {
                "altitude": 0.0,
                "weirdness": 0.01,
                "offset": 0.0,
                "temperature": 0.0,
                "humidity": -1.0
              }
            },
            {
            "biome": "minecraft:deep_ocean",
            "parameters": {
              "altitude": 0.5,
              "weirdness": 0.01,
              "offset": 0.0,
              "temperature": 0.0,
              "humidity": -1.0
            }
            },
            {
              "biome": "minecraft:ocean",
              "parameters": {
                "altitude": 0.5,
                "weirdness": 0.01,
                "offset": 0.0,
                "temperature": 0.0,
                "humidity": -1.0
              }
            },
            {
            "biome": "minecraft:deep_ocean",
            "parameters": {
              "altitude": 0.0,
              "weirdness": 0.01,
              "offset": 0.0,
              "temperature": 0.0,
              "humidity": -1.0
            }
            },
            {
              "biome": "minecraft:beach",
              "parameters": {
                "altitude": 0.1,
                "weirdness": 0.0,
                "offset": 0.0,
                "temperature": 0.0,
                "humidity": -1.0
              }
            },
            {
              "biome": "minecraft:stone_shore",
              "parameters": {
                "altitude": 0.1,
                "weirdness": -0.01,
                "offset": 0.0,
                "temperature": 0.0,
                "humidity": -1.0
              }
            },
            {
              "biome": "minecraft:mountain_edge",
              "parameters": {
                "altitude": 0.17,
                "weirdness": -0.01,
                "offset": 0.0,
                "temperature": 0.0,
                "humidity": -1.0
              }
            },
            {
              "biome": "minecraft:mountains",
              "parameters": {
                "altitude": 0.2,
                "weirdness": -0.01,
                "offset": 0.0,
                "temperature": 0.0,
                "humidity": -1.0
              }
            },
            {
              "biome": "minecraft:mountain_edge",
              "parameters": {
                "altitude": 0.23,
                "weirdness": 0.0,
                "offset": 0.0,
                "temperature": 0.0,
                "humidity": -1.0
              }
            },
            {
              "biome": "minecraft:desert",
              "parameters": {
                "altitude": 0.3,
                "weirdness": -0.01,
                "offset": 0.0,
                "temperature": 0.0,
                "humidity": -1.0
              }
            },
            {
            "biome": "minecraft:desert_hills",
            "parameters": {
              "altitude": 0.3,
              "weirdness": -0.4,
              "offset": 0.0,
              "temperature": 0.0,
              "humidity": -1.0
            }
            },
            {
            "biome": "minecraft:desert_lakes",
            "parameters": {
              "altitude": 0.3,
              "weirdness": -0.4,
              "offset": 0.0,
              "temperature": 0.0,
              "humidity": -1.0
            }
            },
            {
              "biome": "minecraft:forest",
              "parameters": {
                "altitude": 0.3,
                "weirdness": 0.01,
                "offset": 0.0,
                "temperature": 0.0,
                "humidity": -1.0
              }
            },
            {
            "biome": "minecraft:forest",
            "parameters": {
              "altitude": 0.3,
              "weirdness": 0.75,
              "offset": 0.0,
              "temperature": 0.0,
              "humidity": -1.0
            }
            },
            {
            "biome": "minecraft:wooded_hills",
            "parameters": {
              "altitude": 0.3,
              "weirdness": 0.85,
              "offset": 0.0,
              "temperature": 0.0,
              "humidity": -1.0
            }
            },
            {
            "biome": "minecraft:wooded_mountains",
            "parameters": {
              "altitude": 0.3,
              "weirdness": 0.9,
              "offset": 0.0,
              "temperature": 0.0,
              "humidity": -1.0
            }
            },
            {
              "biome": "minecraft:savanna_plateau",
              "parameters": {
                "altitude": 0.6,
                "weirdness": -0.85,
                "offset": 0.0,
                "temperature": 0.0,
                "humidity": -1.0
              }
            },
            {
              "biome": "minecraft:shattered_savanna",
              "parameters": {
                "altitude": 0.6,
                "weirdness": -0.87,
                "offset": 0.0,
                "temperature": 0.0,
                "humidity": -1.0
              }
            },
            {
              "biome": "minecraft:shattered_savanna_plateau",
              "parameters": {
                "altitude": 0.6,
                "weirdness": -0.89,
                "offset": 0.0,
                "temperature": 0.0,
                "humidity": -1.0
              }
            },
            {
              "biome": "minecraft:badlands",
              "parameters": {
                "altitude": 0.6,
                "weirdness": -0.92,
                "offset": 0.0,
                "temperature": 0.0,
                "humidity": -1.0
              }
            },
            {
              "biome": "minecraft:badlands_plateau",
              "parameters": {
                "altitude": 0.6,
                "weirdness": -1.00,
                "offset": 0.0,
                "temperature": 0.0,
                "humidity": -1.0
              }
            },
            {
              "biome": "minecraft:sunflower_plains",
              "parameters": {
                "altitude": 0.6,
                "weirdness": 0.01,
                "offset": 0.0,
                "temperature": 0.0,
                "humidity": -1.0
              }
            },
            {
              "biome": "minecraft:savanna",
              "parameters": {
                "altitude": 0.6,
                "weirdness": -0.01,
                "offset": 0.0,
                "temperature": 0.0,
                "humidity": -1.0
              }
            },
            {
              "biome": "minecraft:giant_spruce_taiga",
              "parameters": {
                "altitude": 0.6,
                "weirdness": 0.85,
                "offset": 0.0,
                "temperature": 0.0,
                "humidity": -1.0
              }
            },
            {
              "biome": "minecraft:giant_spruce_taiga_hills",
              "parameters": {
                "altitude": 0.6,
                "weirdness": 0.86,
                "offset": 0.0,
                "temperature": 0.0,
                "humidity": -1.0
              }
            },
            {
              "biome": "minecraft:giant_tree_taiga",
              "parameters": {
                "altitude": 0.6,
                "weirdness": 0.87,
                "offset": 0.0,
                "temperature": 0.0,
                "humidity": -1.0
              }
            },
            {
              "biome": "minecraft:giant_tree_taiga_hills",
              "parameters": {
                "altitude": 0.6,
                "weirdness": 0.88,
                "offset": 0.0,
                "temperature": 0.0,
                "humidity": -1.0
              }
            },
            {
              "biome": "minecraft:taiga",
              "parameters": {
                "altitude": 0.6,
                "weirdness": 0.89,
                "offset": 0.0,
                "temperature": 0.0,
                "humidity": -1.0
              }
            },
            {
              "biome": "minecraft:taiga_hills",
              "parameters": {
                "altitude": 0.6,
                "weirdness": 0.90,
                "offset": 0.0,
                "temperature": 0.0,
                "humidity": -1.0
              }
            },
            {
              "biome": "minecraft:taiga_mountains",
              "parameters": {
                "altitude": 0.6,
                "weirdness": 0.91,
                "offset": 0.0,
                "temperature": 0.0,
                "humidity": -1.0
              }
            },
            {
            "biome": "minecraft:eroded_badlands",
            "parameters": {
              "altitude": 0.7,
              "weirdness": -0.84,
              "offset": 0.0,
              "temperature": 0.0,
              "humidity": -1.0
            }
            },
            {
            "biome": "minecraft:wooded_badlands_plateau",
            "parameters": {
              "altitude": 0.7,
              "weirdness": -0.92,
              "offset": 0.0,
              "temperature": 0.0,
              "humidity": -1.0
            }
            },
            {
            "biome": "minecraft:modified_wooded_badlands_plateau",
            "parameters": {
              "altitude": 0.7,
              "weirdness": -1.00,
              "offset": 0.0,
              "temperature": 0.0,
              "humidity": -1.0
            }
            },
            {
            "biome": "minecraft:gravelly_mountains",
            "parameters": {
              "altitude": 0.7,
              "weirdness": 0.8,
              "offset": 0.0,
              "temperature": 0.0,
              "humidity": -1.0
            }
            },
            {
            "biome": "minecraft:modified_gravelly_mountains",
            "parameters": {
              "altitude": 0.7,
              "weirdness": 0.84,
              "offset": 0.0,
              "temperature": 0.0,
              "humidity": -1.0
            }
            },
            {
            "biome": "minecraft:flower_forest",
            "parameters": {
              "altitude": 0.75,
              "weirdness": 0.92,
              "offset": 0.0,
              "temperature": 0.0,
              "humidity": -1.0
            }
            },
            {
            "biome": "minecraft:dark_forest",
            "parameters": {
              "altitude": 0.8,
              "weirdness": 0.1,
              "offset": 0.0,
              "temperature": 0.0,
              "humidity": -1.0
            }
            },
            {
            "biome": "minecraft:dark_forest_hills",
            "parameters": {
              "altitude": 0.8,
              "weirdness": -0.1,
              "offset": 0.0,
              "temperature": 0.0,
              "humidity": -1.0
            }
            },
            {
            "biome": "minecraft:bamboo_jungle",
            "parameters": {
              "altitude": 0.86,
              "weirdness": 0.1,
              "offset": 0.0,
              "temperature": 0.0,
              "humidity": -1.0
            }
            },
            {
            "biome": "minecraft:bamboo_jungle_hills",
            "parameters": {
              "altitude": 0.86,
              "weirdness": 0.1,
              "offset": 0.0,
              "temperature": 0.0,
              "humidity": -1.0
            }
            },
            {
            "biome": "minecraft:birch_forest",
            "parameters": {
              "altitude": 1.0,
              "weirdness": 0.1,
              "offset": 0.0,
              "temperature": 0.0,
              "humidity": -1.0
            }
            },
            {
            "biome": "minecraft:tall_birch_forest",
            "parameters": {
              "altitude": 1.0,
              "weirdness": -0.9,
              "offset": 0.0,
              "temperature": 0.0,
              "humidity": -1.0
            }
            },
            {
            "biome": "minecraft:bamboo_jungle_hills",
            "parameters": {
              "altitude": 1.0,
              "weirdness": 0.1,
              "offset": 0.0,
              "temperature": 0.0,
              "humidity": -1.0
            }
            },
            {
            "biome": "minecraft:birch_forest_hills",
            "parameters": {
              "altitude": 1.0,
              "weirdness": -0.1,
              "offset": 0.0,
              "temperature": 0.0,
              "humidity": -1.0
            }
            },
            {
            "biome": "minecraft:tall_birch_hills",
            "parameters": {
              "altitude": 1.0,
              "weirdness": -0.9,
              "offset": 0.0,
              "temperature": 0.0,
              "humidity": -1.0
            }
            }
          ]
        },
      "settings": {
          "bedrock_roof_position": -10,
          "bedrock_floor_position": 1,
          "sea_level": 63,
          "disable_mob_generation": false,
          "structures": {
              "stronghold": {
                  "distance": 0,
                  "count": 0,
                  "spread": 0
              },
              "structures": {
                  "village":{
                      "spacing": 5,
                      "separation": 4,
                      "salt": 12345678
                  },
                  "desert_pyramid":{
                      "spacing": 32,
                      "separation": 8,
                      "salt": 12345678
                  },
                  "igloo":{
                      "spacing": 32,
                      "separation": 8,
                      "salt": 12345678
                  },
                  "jungle_pyramid":{
                      "spacing": 32,
                      "separation": 8,
                      "salt": 12345678
                  },
                  "swamp_hut":{
                      "spacing": 32,
                      "separation": 8,
                      "salt": 12345678
                  },
                  "pillager_outpost":{
                      "spacing": 26,
                      "separation": 1,
                      "salt": 87654321
                  },
                  "stronghold":{
                      "spacing": 32,
                      "separation": 8,
                      "salt": 12345678
                  },
                  "monument":{
                      "spacing": 32,
                      "separation": 8,
                      "salt": 12345678
                  },
                  "endcity":{
                      "spacing": 32,
                      "separation": 8,
                      "salt": 12345678
                  },
                  "mansion":{
                      "spacing": 32,
                      "separation": 8,
                      "salt": 12345678
                  },
                  "buried_treasure":{
                      "spacing": 32,
                      "separation": 8,
                      "salt": 12345678
                  },
                  "mineshaft":{
                      "spacing": 32,
                      "separation": 8,
                      "salt": 12345678
                  },
                  "ruined_portal":{
                      "spacing": 32,
                      "separation": 8,
                      "salt": 12345678
                  },
                  "shipwreck":{
                      "spacing": 32,
                      "separation": 8,
                      "salt": 12345678
                  },
                  "ocean_ruin":{
                      "spacing": 32,
                      "separation": 8,
                      "salt": 12345678
                  },
                  "bastion_remnant":{
                      "spacing": 2,
                      "separation": 1,
                      "salt": 12345678
                  },
                  "fortress":{
                      "spacing": 32,
                      "separation": 8,
                      "salt": 12345678
                  },
                  "nether_fossil":{
                      "spacing": 32,
                      "separation": 8,
                      "salt": 12345678
                  }
              }
          },
          "noise": {
              "top_slide": {
                  "target": 0,
                  "size": 0,
                  "offset": 0
              },
              "bottom_slide": {
                  "target": 0,
                  "size": 0,
                  "offset": 0
              },
              "sampling": {
                  "xz_scale": 1,
                  "xz_factor": 80,
                  "y_scale": 1,
                  "y_factor": 50
              },
              "size_vertical": 2,
              "size_horizontal": 1,
              "height": 256,
              "density_factor": 0.75,
              "density_offset": -0.3,
              "random_density_offset": true,
              "simplex_surface_noise": false,
              "island_noise_override": false,
              "amplified": false
          },
          "default_block": {
            "Name": "minecraft:stone"
          },
          "default_fluid": {
              "Name": "minecraft:water",
              "Properties": {
                  "level": "0"
              }
          }
      }
    }
  }