{
    "starts": [
    "minecraft:mineshaft",
    "minecraft:stronghold",
    "minecraft:ruined_portal"
    ],
    "spawners": {
      "water_ambient": [],
      "ambient": [],
      "misc": [],
      "water_creature": [],
      "creature": [
        {
          "type": "minecraft:sheep",
          "weight": 12,
          "minCount": 4,
          "maxCount": 4
        },
        {
          "type": "minecraft:pig",
          "weight": 10,
          "minCount": 4,
          "maxCount": 4
        },
        {
          "type": "minecraft:chicken",
          "weight": 10,
          "minCount": 4,
          "maxCount": 4
        },
        {
          "type": "minecraft:cow",
          "weight": 8,
          "minCount": 4,
          "maxCount": 4
        },
        {
          "type": "minecraft:wolf",
          "weight": 8,
          "minCount": 4,
          "maxCount": 4
        },
        {
          "type": "minecraft:rabbit",
          "weight": 4,
          "minCount": 2,
          "maxCount": 3
        },
        {
          "type": "minecraft:fox",
          "weight": 8,
          "minCount": 2,
          "maxCount": 4
        }
      ],
      "monster": [
        {
          "type": "minecraft:spider",
          "weight": 100,
          "minCount": 4,
          "maxCount": 4
        },
        {
          "type": "minecraft:zombie",
          "weight": 95,
          "minCount": 4,
          "maxCount": 4
        },
        {
          "type": "minecraft:zombie_villager",
          "weight": 5,
          "minCount": 1,
          "maxCount": 1
        },
        {
          "type": "minecraft:skeleton",
          "weight": 100,
          "minCount": 4,
          "maxCount": 4
        },
        {
          "type": "minecraft:creeper",
          "weight": 100,
          "minCount": 4,
          "maxCount": 4
        },
        {
          "type": "minecraft:slime",
          "weight": 100,
          "minCount": 4,
          "maxCount": 4
        },
        {
          "type": "minecraft:enderman",
          "weight": 10,
          "minCount": 1,
          "maxCount": 4
        },
        {
          "type": "minecraft:witch",
          "weight": 5,
          "minCount": 1,
          "maxCount": 1
        }
      ]
  },
    "spawn_costs": {},
    "creature_spawn_probability": 0.01,
    "player_spawn_friendly":true,
    "surface_builder": "apocalypse_overwrite:podzol",
    "carvers": {
        "air": [
            "minecraft:cave"
        ],
        "liquid":[]
    },
    "features": [
        [],
    [
      "minecraft:lake_water",
      "minecraft:lake_lava"
    ],
    [
      "minecraft:forest_rock"
    ],
    [
      "minecraft:monster_room"
    ],
    [],
    [],
    [
      "minecraft:ore_dirt",
      "minecraft:ore_gravel",
      "minecraft:ore_granite",
      "minecraft:ore_diorite",
      "minecraft:ore_andesite",
      "minecraft:ore_coal",
      "minecraft:ore_iron",
      "minecraft:ore_gold",
      "minecraft:ore_redstone",
      "minecraft:ore_diamond",
      "minecraft:ore_lapis",
      "minecraft:disk_sand",
      "minecraft:disk_clay",
      "minecraft:disk_gravel"
    ],
    [],
    [
      "minecraft:patch_large_fern",
      "minecraft:flower_default",
      "minecraft:patch_grass_taiga",
      "minecraft:patch_dead_bush",
      "minecraft:brown_mushroom_giant",
      "minecraft:red_mushroom_giant",
      "minecraft:brown_mushroom_normal",
      "minecraft:red_mushroom_normal",
      "minecraft:patch_sugar_cane",
      "minecraft:patch_pumpkin",
      "minecraft:spring_water",
      "minecraft:spring_lava",
      "minecraft:patch_berry_sparse",
      "apocalypse_overwrite:trees_giant_redwood"
    ],
    []
    ],
    "scale": 0.2,
    "temperature": 0.5,
    "temperature_modifier": "none",
    "downfall": -1.0,
    "effects": {
        "fog_color": 6563850,
        "foliage_color": 9226340,
        "water_color": 4159204,
        "sky_color": 7711487,
        "water_fog_color": 1973770,
        "grass_color": 7907910,
        "grass_color_modifier": "none"
    },
    "precipitation": "rain",
    "category": "taiga",
    "depth": 0.05
}